{"best_mape":3.8426941868,"default_mape":6.5240795298,"improvement_pct":41.0998261259}